Category	Term	Count	%	PValue	Genes	List Total	Pop Hits	Pop Total	Fold Enrichment	Bonferroni	Benjamini	FDR
REACTOME_PATHWAY	R-HSA-381038~XBP1(S) activates chaperone genes	9	3.296703296703297	1.6457530663100149E-6	MYDGF, TATDN2, GOSR2, EDEM1, SRPRA, SRPRB, PREB, HYOU1, ARFGAP1	189	50	11153	10.62190476190476	0.001097115926262826	7.475032789516907E-4	7.39658416953697E-4
REACTOME_PATHWAY	R-HSA-381070~IRE1alpha activates chaperones	9	3.296703296703297	2.24138914228393E-6	MYDGF, TATDN2, GOSR2, EDEM1, SRPRA, SRPRB, PREB, HYOU1, ARFGAP1	189	52	11153	10.213369963369964	0.0014938912652402436	7.475032789516907E-4	7.39658416953697E-4
REACTOME_PATHWAY	R-HSA-446203~Asparagine N-linked glycosylation	19	6.95970695970696	4.0315238212502264E-6	B4GALT3, TMED9, SERPINA1, RPN2, GOSR2, EDEM1, PMM2, EDEM2, ARFGAP1, DHDDS, GMPPB, OS9, DOLPP1, GMPPA, MLEC, STX5, PREB, MGAT1, UGGT1	189	306	11153	3.664055745755092	0.0026854196016782295	8.963421295913004E-4	8.869352406750498E-4
REACTOME_PATHWAY	R-HSA-381119~Unfolded Protein Response (UPR)	10	3.6630036630036633	3.0607683240058524E-5	MYDGF, TATDN2, CREB3L1, GOSR2, EDEM1, SRPRA, SRPRB, PREB, HYOU1, ARFGAP1	189	95	11153	6.211640211640211	0.020208649031407844	0.005103831180279759	0.005050267734609657
GOTERM_BP_DIRECT	GO:0006486~protein glycosylation	9	3.296703296703297	1.3767516823989388E-4	GMPPB, B4GALT3, DOLPP1, GMPPA, PMM2, MGAT1, LARGE1, B4GALT7, UGGT1	251	117	19416	5.950352436408214	0.20748937601499085	0.23253335915718076	0.23253335915718076
REACTOME_PATHWAY	R-HSA-6798695~Neutrophil degranulation	21	7.6923076923076925	1.6553508463166904E-4	PDXK, CANT1, SERPINA1, CD93, RNASET2, PLAUR, PRCP, TCIRG1, CKAP4, CNN2, CST3, DIAPH1, STK10, PFKL, IMPDH1, MLEC, CHI3L1, QSOX1, MAN2B1, GUSB, ATP6V0A1	189	479	11153	2.587102760380422	0.10454296819184739	0.022082380289864652	0.021850631171380315
WIKIPATHWAYS	WP5153:N glycan biosynthesis	7	2.564102564102564	3.9134930341541756E-4	GMPPB, B4GALT3, RPN2, DOLPP1, GMPPA, PMM2, MGAT1	150	57	8749	7.162923976608187	0.12939313871065938	0.13853765340905783	0.13853765340905783
REACTOME_PATHWAY	R-HSA-8957275~Post-translational protein phosphorylation	9	3.296703296703297	4.6983727079089564E-4	CST3, IL6, RCN1, SERPINA1, IGFBP4, QSOX1, TIMP1, APOE, CKAP4	189	108	11153	4.917548500881835	0.26908280488848746	0.0522302432695879	0.05168209978699852
GOTERM_BP_DIRECT	GO:0005975~carbohydrate metabolic process	9	3.296703296703297	9.146397502854619E-4	B4GALT3, EDEM1, EDEM2, CHI3L1, MAN2B1, GUSB, B4GALT7, FBP1, CHST2	251	155	19416	4.491556355224264	0.7868018894766515	0.4394735632100856	0.4394735632100856
GOTERM_BP_DIRECT	GO:0000165~MAPK cascade	8	2.93040293040293	9.340667135848894E-4	MAP2K3, IGFBP4, MAPKAPK2, PTK2B, MAPK8IP2, SORBS3, MAP3K11, CAMKK2	251	120	19416	5.1569721115537845	0.7936901158001465	0.4394735632100856	0.4394735632100856
GOTERM_BP_DIRECT	GO:0045047~protein targeting to ER	4	1.465201465201465	0.0010433510261426274	SEC61A1, EDEM1, SRPRA, SRPRB	251	16	19416	19.338645418326692	0.8284944806434993	0.4394735632100856	0.4394735632100856
REACTOME_PATHWAY	R-HSA-381426~Regulation of Insulin-like Growth Factor (IGF) transport and uptake by Insulin-like Growth Factor Binding Proteins (IGFBPs)	9	3.296703296703297	0.0012319739882655073	CST3, IL6, RCN1, SERPINA1, IGFBP4, QSOX1, TIMP1, APOE, CKAP4	189	125	11153	4.2487619047619045	0.5605508372583474	0.1137682278698193	0.11257425846189016
GOTERM_BP_DIRECT	GO:0006487~protein N-linked glycosylation	6	2.197802197802198	0.0013009874576971154	RPN2, DOLPP1, PMM2, MLEC, MGAT1, B4GALT7	251	63	19416	7.367103016505407	0.8890636239758963	0.4394735632100856	0.4394735632100856
REACTOME_PATHWAY	R-HSA-1630316~Glycosaminoglycan metabolism	9	3.296703296703297	0.0013645364662047293	NDST1, B4GALT3, NAGLU, CHPF2, GUSB, B4GALT7, PAPSS2, CHST2, SGSH	189	127	11153	4.181852268466441	0.5977845352579529	0.1137682278698193	0.11257425846189016
KEGG_PATHWAY	hsa01100:Metabolic pathways	42	15.384615384615385	0.0017052820858603625	B4GALT3, PDXK, H6PD, CANT1, RPN2, TCIRG1, PLOD1, AACS, PAPSS2, SRM, DHTKD1, SGSH, GMPPB, NDST1, NAGLU, HLCS, SMPD1, GMPPA, INPP5K, MGAT1, PHGDH, GUSB, ATP6V0E2, LARGE1, ATP6V0A1, PCK2, GALNT6, CHKB, CHPF2, MARS1, ENTPD6, PMM2, SIRT6, COASY, QDPR, PFKL, IMPDH1, DOLPP1, SARM1, B4GALT7, FBP1, MGLL	150	1564	8865	1.5870843989769823	0.3349614822228403	0.19132536132664854	0.19132536132664854
GOTERM_BP_DIRECT	GO:0045807~positive regulation of endocytosis	4	1.465201465201465	0.002044743770392712	BIN1, SMPD1, FLOT1, APOE	251	20	19416	15.470916334661354	0.96847920788759	0.5755953713655485	0.5755953713655485
KEGG_PATHWAY	hsa04141:Protein processing in endoplasmic reticulum	10	3.6630036630036633	0.002230609775269646	SEC61A1, UBE2D4, RPN2, OS9, EDEM1, EDEM2, PREB, HYOU1, UGGT1, CKAP4	150	170	8865	3.476470588235294	0.41357541767988026	0.19132536132664854	0.19132536132664854
GOTERM_BP_DIRECT	GO:0009298~GDP-mannose biosynthetic process	3	1.098901098901099	0.002393862283363398	GMPPB, GMPPA, PMM2	251	6	19416	38.67729083665339	0.9825441528426843	0.5776047709429685	0.5776047709429685
KEGG_PATHWAY	hsa00051:Fructose and mannose metabolism	5	1.8315018315018317	0.0024015735731378477	GMPPB, PFKL, GMPPA, PMM2, FBP1	150	34	8865	8.691176470588236	0.4371073884847624	0.19132536132664854	0.19132536132664854
REACTOME_PATHWAY	R-HSA-597592~Post-translational protein modification	40	14.652014652014653	0.00270602818810172	B4GALT3, SERPINA1, RPN2, GOSR2, FURIN, GMPPB, CST3, OS9, RAB26, GMPPA, STX5, MLEC, QSOX1, MGAT1, APOE, TIMP1, LARGE1, UGGT1, GALNT6, TMED9, IGFBP4, EDEM1, PMM2, EDEM2, PLAUR, DOHH, CKAP4, ARFGAP1, PML, HIPK2, DHDDS, JMJD6, METTL22, RCN1, IL6, TNIP1, DOLPP1, ASB8, PREB, RAB17	189	1480	11153	1.5948805948805946	0.8359144431814196	0.18150628472248997	0.17960142116468272
REACTOME_PATHWAY	R-HSA-532668~N-glycan trimming in the ER and Calnexin/Calreticulin cycle	5	1.8315018315018317	0.002721233654010344	OS9, EDEM1, EDEM2, MLEC, UGGT1	189	35	11153	8.430083144368858	0.8375746783126506	0.18150628472248997	0.17960142116468272
REACTOME_PATHWAY	R-HSA-168249~Innate Immune System	31	11.355311355311356	0.0030685301909606395	PDXK, SERPINA1, CANT1, PRCP, TCIRG1, ECSIT, ELK1, CNN2, NCKIPSD, CST3, STK10, MLEC, QSOX1, PI3, GUSB, ATP6V0E2, ATP6V0A1, MAP2K3, DUSP3, CD93, RNASET2, PLAUR, CKAP4, DIAPH1, PFKL, IMPDH1, MAPKAPK2, IRF7, SARM1, CHI3L1, MAN2B1	189	1057	11153	1.7306793210293683	0.871246592169729	0.18606451248824968	0.18411181145763839
GOTERM_BP_DIRECT	GO:0043410~positive regulation of MAPK cascade	9	3.296703296703297	0.0036211322175359033	MAP2K3, DOK1, MYDGF, NDST1, IL6, IGFBP4, ADORA1, SORBS3, DRD5	251	193	19416	3.607208471812233	0.9978173001612951	0.7645115394272676	0.7645115394272676
REACTOME_PATHWAY	R-HSA-71387~Metabolism of carbohydrates	13	4.761904761904762	0.003833871074505974	B4GALT3, CHPF2, PAPSS2, SGSH, NDST1, PFKL, NAGLU, MAN2B1, GUSB, B4GALT7, FBP1, CHST2, PCK2	189	291	11153	2.6362115674830453	0.9228579339998412	0.20803780639230246	0.2058545010778405
REACTOME_PATHWAY	R-HSA-446205~Synthesis of GDP-mannose	3	1.098901098901099	0.0040547098697150405	GMPPB, GMPPA, PMM2	189	6	11153	29.505291005291	0.9334624822483881	0.20803780639230246	0.2058545010778405
BIOCARTA	h_eradPathway:ERï¿½associated degradation (ERAD) Pathway	4	1.465201465201465	0.004525710233579941	SEC61A1, EDEM1, MAN2B1, UGGT1	31	19	1623	11.022071307300509	0.3043291040482743	0.3620568186863953	0.3620568186863953
REACTOME_PATHWAY	R-HSA-901032~ER Quality Control Compartment (ERQC)	4	1.465201465201465	0.005012710446305146	OS9, EDEM1, EDEM2, UGGT1	189	21	11153	11.240110859158477	0.9649817498579613	0.23881984769182374	0.23631349246867117
GOTERM_BP_DIRECT	GO:0007399~nervous system development	14	5.128205128205128	0.005166823908148582	CAMK2B, SMARCD1, PCDHGC3, PCDHGA1, RFNG, NEUROD2, NAGLU, SMPD1, ADORA1, SARM1, EPHB2, N4BP3, LRCH4, SH2B2	251	444	19416	2.4391084311403035	0.9998414417255929	0.9459214828331132	0.9459214828331132
GOTERM_BP_DIRECT	GO:0030200~heparan sulfate proteoglycan catabolic process	3	1.098901098901099	0.005600482432404459	NAGLU, GUSB, SGSH	251	9	19416	25.784860557768923	0.9999240778607372	0.9459214828331132	0.9459214828331132
WIKIPATHWAYS	WP481:Insulin signaling	9	3.296703296703297	0.005926745217407448	MAP2K3, EHD1, RPS6KA4, PFKL, FLOT1, TRIB3, ELK1, MAP3K11, SH2B2	150	160	8749	3.2808749999999995	0.8780702035902455	0.7886792848040394	0.7886792848040394
WIKIPATHWAYS	WP3888:VEGFA VEGFR2 signaling	16	5.86080586080586	0.006683722752576605	MAP2K3, SDF2L1, CNP, PLAUR, ELK1, NDRG1, SND1, CAMKK2, DOK1, RCN1, BIN1, MAPKAPK2, PTK2B, INPP5K, HYOU1, EPHB2	150	432	8749	2.1602469135802473	0.9068906094411668	0.7886792848040394	0.7886792848040394
GOTERM_BP_DIRECT	GO:0006338~chromatin remodeling	22	8.058608058608058	0.007871434193732688	MAP2K3, KDM6B, SMARCD1, SMARCD2, DUSP3, VPS4A, TESK1, IGHMBP2, HUNK, DDX54, SIRT6, PML, JMJD6, GAK, RPS6KA4, TAF6L, STK10, METTL22, MAPKAPK2, PTK2B, EPHB2, EPHB4	251	917	19416	1.8558351110280797	0.9999984031112338	1.0	1.0
GOTERM_BP_DIRECT	GO:0006954~inflammatory response	13	4.761904761904762	0.0091508025172721	MAP2K3, TCIRG1, RPS6KA4, NDST1, IL6, TNIP1, TBXA2R, HRH4, MAPKAPK2, ADORA1, CHI3L1, MGLL, CHST2	251	424	19416	2.3717206645117646	0.999999819377369	1.0	1.0
REACTOME_PATHWAY	R-HSA-901042~Calnexin/calreticulin cycle	4	1.465201465201465	0.009213771811782715	OS9, EDEM1, EDEM2, UGGT1	189	26	11153	9.078551078551078	0.9979172641326151	0.4097057198972714	0.40540595971843946
WIKIPATHWAYS	WP5183:SARS CoV 2 mitochondrial chronic oxidative stress and endothelial dysfunction	4	1.465201465201465	0.009445841590655042	IL6, PHB1, SIRT6, ECSIT	150	26	8749	8.973333333333334	0.9652550387417687	0.8359569807729712	0.8359569807729712
GOTERM_BP_DIRECT	GO:0043687~post-translational protein modification	4	1.465201465201465	0.011870424687612806	RPS6KA4, HLCS, SIRT6, LARGE1	251	37	19416	8.362657478195327	0.9999999982595	1.0	1.0
GOTERM_BP_DIRECT	GO:0008340~determination of adult lifespan	4	1.465201465201465	0.011870424687612806	NAGLU, SIRT6, LARGE1, SGSH	251	37	19416	8.362657478195327	0.9999999982595	1.0	1.0
REACTOME_PATHWAY	R-HSA-392499~Metabolism of proteins	49	17.94871794871795	0.012781016016648208	B4GALT3, SERPINA1, YARS1, GMPPB, SEC61A1, GMPPA, QSOX1, TIMP1, LARGE1, SFTPB, TMED9, IGFBP4, MARS1, PLAUR, ARFGAP1, CKAP4, JMJD6, DHDDS, METTL22, RCN1, PREB, RPN2, GOSR2, FURIN, CST3, OS9, RAB26, STX5, MLEC, MGAT1, APOE, UGGT1, GALNT6, EDEM1, EDEM2, PMM2, TBCD, DOHH, PML, HIPK2, GARS1, IL6, TNIP1, ASB8, DOLPP1, SRPRA, SRPRB, RAB17, INHA	189	2093	11153	1.3815186423882075	0.9998121534321052	0.5096449385852685	0.5042963410289013
REACTOME_PATHWAY	R-HSA-5668914~Diseases of metabolism	11	4.029304029304029	0.012989451208320187	BCKDK, SFTPB, NAGLU, HLCS, PMM2, GUSB, LARGE1, B4GALT7, PAPSS2, SGSH, DHDDS	189	261	11153	2.487036023434491	0.9998368313288201	0.5096449385852685	0.5042963410289013
GOTERM_BP_DIRECT	GO:0006909~phagocytosis	5	1.8315018315018317	0.01329795934101483	CNN2, SLC48A1, CD93, ADORA1, JMJD6	251	71	19416	5.447505751641322	0.9999999998485747	1.0	1.0
GOTERM_BP_DIRECT	GO:1904380~endoplasmic reticulum mannose trimming	3	1.098901098901099	0.013569617731482794	EDEM1, EDEM2, UGGT1	251	14	19416	16.575981787137167	0.999999999904892	1.0	1.0
REACTOME_PATHWAY	R-HSA-2206281~Mucopolysaccharidoses	3	1.098901098901099	0.014065219862596541	NAGLU, GUSB, SGSH	189	11	11153	16.09379509379509	0.9999211610456861	0.5143363910063593	0.5089385578173871
REACTOME_PATHWAY	R-HSA-917977~Transferrin endocytosis and recycling	4	1.465201465201465	0.01498131750013078	HFE, TCIRG1, ATP6V0E2, ATP6V0A1	189	31	11153	7.61426864652671	0.999957590813098	0.5143363910063593	0.5089385578173871
GOTERM_BP_DIRECT	GO:0007010~cytoskeleton organization	7	2.564102564102564	0.015302400274294983	CNN2, NCKIPSD, DIAPH1, BIN1, APOE, LARGE1, SORBS3	251	155	19416	3.493432720729983	0.9999999999951183	1.0	1.0
REACTOME_PATHWAY	R-HSA-1638091~Heparan sulfate/heparin (HS-GAG) metabolism	5	1.8315018315018317	0.01542238053992082	NDST1, NAGLU, GUSB, B4GALT7, SGSH	189	57	11153	5.1763668430335095	0.9999685425856574	0.5143363910063593	0.5089385578173871
GOTERM_BP_DIRECT	GO:0045820~negative regulation of glycolytic process	3	1.098901098901099	0.015525585105109974	SIRT6, FBP1, GIT1	251	15	19416	15.470916334661355	0.9999999999966712	1.0	1.0
GOTERM_BP_DIRECT	GO:0001934~positive regulation of protein phosphorylation	8	2.93040293040293	0.016536717041409237	MAP2K3, MYDGF, PLAUR, FLOT1, TESK1, ADTRP, HIPK2, CAMKK2	251	203	19416	3.048456420622927	0.9999999999994131	1.0	1.0
REACTOME_PATHWAY	R-HSA-5694530~Cargo concentration in the ER	4	1.465201465201465	0.017744723015893825	SERPINA1, GOSR2, STX5, PREB	189	33	11153	7.152797819464486	0.9999934888870694	0.5636062024571992	0.5576912947852345
GOTERM_BP_DIRECT	GO:0032092~positive regulation of protein binding	4	1.465201465201465	0.017823205943351544	HFE, FLOT1, TRIB3, HIPK2	251	43	19416	7.195775039377374	0.9999999999999357	1.0	1.0
GOTERM_BP_DIRECT	GO:0016192~vesicle-mediated transport	9	3.296703296703297	0.017904506192813113	ARL17A, YIPF2, GOSR2, CACFD1, VPS4A, STX5, SRPRB, RAB17, ARFGAP1	251	255	19416	2.73016170611671	0.999999999999944	1.0	1.0
REACTOME_PATHWAY	R-HSA-8963899~Plasma lipoprotein remodeling	4	1.465201465201465	0.01922563322723065	FURIN, APOE, LMF2, LMF1	189	34	11153	6.942421413009647	0.9999976199055605	0.5828862437528565	0.5767689968169195
GOTERM_BP_DIRECT	GO:0006914~autophagy	7	2.564102564102564	0.021492974159269512	DAP, DRAM1, NAGLU, ATG9A, VPS4A, ATG2A, CHMP7	251	167	19416	3.242407615048787	0.9999999999999999	1.0	1.0
UP_KW_BIOLOGICAL_PROCESS	KW-0834~Unfolded protein response	4	1.465201465201465	0.021500062256550177	CREB3L1, EDEM1, EDEM2, MANF	149	46	11434	6.672891742048439	0.8204012181785314	1.0	1.0
GOTERM_BP_DIRECT	GO:0010976~positive regulation of neuron projection development	6	2.197802197802198	0.021556142407719834	CAMK2B, EHD1, NCKIPSD, PTK2B, P3H1, APOE	251	123	19416	3.7733942279661843	0.9999999999999999	1.0	1.0
REACTOME_PATHWAY	R-HSA-446219~Synthesis of substrates in N-glycan biosythesis	5	1.8315018315018317	0.02266655179912177	GMPPB, DOLPP1, GMPPA, PMM2, DHDDS	189	64	11153	4.610201719576719	0.9999997716913063	0.6573300021745313	0.6504314864095811
BIOCARTA	h_CaCaMPathway:Ca++/ Calmodulin-dependent Protein Kinase Activation	3	1.098901098901099	0.02270884877207264	CAMK2B, CAMK1G, CAMKK2	31	13	1623	12.081885856079404	0.8408094359944375	0.9083539508829055	0.9083539508829055
KEGG_PATHWAY	hsa04142:Lysosome	7	2.564102564102564	0.02368141586012551	NAGLU, SMPD1, MAN2B1, TCIRG1, GUSB, SGSH, ATP6V0A1	150	132	8865	3.1340909090909093	0.9967462669457221	1.0	1.0
GOTERM_BP_DIRECT	GO:0031175~neuron projection development	6	2.197802197802198	0.025083776786192506	EHD1, IL6, PTK2B, PHGDH, APOE, MANF	251	128	19416	3.6259960159362548	1.0	1.0	1.0
GOTERM_BP_DIRECT	GO:2000059~negative regulation of ubiquitin-dependent protein catabolic process	3	1.098901098901099	0.026936052858019397	HFE, PML, HIPK2	251	20	19416	11.603187250996015	1.0	1.0	1.0
GOTERM_BP_DIRECT	GO:0006886~intracellular protein transport	9	3.296703296703297	0.028057977461292283	EHD1, ARL17A, TMED9, TBC1D13, SRPRA, STX5, SRPRB, RAB17, LARGE1	251	278	19416	2.504285018200579	1.0	1.0	1.0
REACTOME_PATHWAY	R-HSA-9772573~Late SARS-CoV-2 Infection Events	5	1.8315018315018317	0.03028436984609852	RPN2, EDEM2, ANO10, MGAT1, FURIN	189	70	11153	4.215041572184429	0.9999999987645876	0.7632207586769918	0.7552109456174132
REACTOME_PATHWAY	R-HSA-975155~MyD88 dependent cascade initiated on endosome	6	2.197802197802198	0.031111075364295263	MAP2K3, DUSP3, MAPKAPK2, IRF7, ECSIT, ELK1	189	104	11153	3.4044566544566544	0.9999999993005569	0.7632207586769918	0.7552109456174132
GOTERM_BP_DIRECT	GO:0060292~long-term synaptic depression	3	1.098901098901099	0.032203928823875794	ADORA1, PTK2B, DRD5	251	22	19416	10.548352046360014	1.0	1.0	1.0
WIKIPATHWAYS	WP4815:Glycosaminoglycan degradation	3	1.098901098901099	0.03314494059564031	NAGLU, GUSB, SGSH	150	17	8749	10.292941176470588	0.9999934245352322	1.0	1.0
REACTOME_PATHWAY	R-HSA-168164~Toll Like Receptor 3 (TLR3) Cascade	6	2.197802197802198	0.033387782372295186	MAP2K3, DUSP3, MAPKAPK2, IRF7, SARM1, ELK1	189	106	11153	3.340221623240491	0.9999999998543633	0.7632207586769918	0.7552109456174132
GOTERM_BP_DIRECT	GO:0030968~endoplasmic reticulum unfolded protein response	4	1.465201465201465	0.033884142998722805	OS9, CREB3L1, EDEM2, HYOU1	251	55	19416	5.6257877580586735	1.0	1.0	1.0
GOTERM_BP_DIRECT	GO:0046777~protein autophosphorylation	6	2.197802197802198	0.034092229320075065	CAMK2B, STK10, PTK2B, EPHB4, MAP3K11, CAMKK2	251	139	19416	3.339046690934105	1.0	1.0	1.0
GOTERM_BP_DIRECT	GO:0006897~endocytosis	7	2.564102564102564	0.03473505653166305	LMBR1L, EHD1, NCKIPSD, MYO1A, BIN1, TRIP10, RAB17	251	187	19416	2.8956260519419645	1.0	1.0	1.0
GOTERM_BP_DIRECT	GO:0007035~vacuolar acidification	3	1.098901098901099	0.0349769275992605	TCIRG1, ATP6V0E2, ATP6V0A1	251	23	19416	10.089728044344362	1.0	1.0	1.0
GOTERM_BP_DIRECT	GO:0036503~ERAD pathway	5	1.8315018315018317	0.03554520219259229	SDF2L1, OS9, EDEM1, EDEM2, UGGT1	251	96	19416	4.028884462151395	1.0	1.0	1.0
REACTOME_PATHWAY	R-HSA-168181~Toll Like Receptor 7/8 (TLR7/8) Cascade	6	2.197802197802198	0.035765767461179127	MAP2K3, DUSP3, MAPKAPK2, IRF7, ECSIT, ELK1	189	108	11153	3.278365667254556	0.9999999999718319	0.7632207586769918	0.7552109456174132
GOTERM_BP_DIRECT	GO:0007165~signal transduction	26	9.523809523809524	0.03581343020426856	LMBR1L, CAMK2B, PHB1, CXCL14, NDRG1, GRK2, SMPD1, SH3BP2, ADORA1, PTK2B, TIMP1, MAP2K3, TLE3, OR1D2, IGFBP4, PLAUR, HUNK, MANF, DOK1, PSG6, TRIP10, SARM1, TNFSF9, INHA, CAMK1G, OR7E24	251	1326	19416	1.516756503398172	1.0	1.0	1.0
GOTERM_BP_DIRECT	GO:0034976~response to endoplasmic reticulum stress	5	1.8315018315018317	0.036713124377169365	OS9, CREB3L1, FLOT1, TRIB3, HYOU1	251	97	19416	3.9873495707890085	1.0	1.0	1.0
UP_KW_BIOLOGICAL_PROCESS	KW-0653~Protein transport	15	5.4945054945054945	0.03684291304895421	TMED9, GOSR2, VPS4A, ARFGAP1, EHD1, SEC61A1, ARL17A, RAB26, XPO6, RANGRF, PREB, RAB17, APBA3, CHMP7, RAB11FIP5	149	638	11434	1.8041909490648207	0.9484684935336637	1.0	1.0
WIKIPATHWAYS	WP4784:Proteoglycan biosynthesis	3	1.098901098901099	0.03687879128052843	CANT1, B4GALT7, PAPSS2	150	18	8749	9.72111111111111	0.9999983286975255	1.0	1.0
WIKIPATHWAYS	WP4321:Thermogenesis	6	2.197802197802198	0.03691389679627692	MAP2K3, SMARCD1, SMARCD2, CREB3L1, SIRT6, MGLL	150	108	8749	3.2403703703703703	0.9999983501245423	1.0	1.0
REACTOME_PATHWAY	R-HSA-174824~Plasma lipoprotein assembly, remodeling, and clearance	5	1.8315018315018317	0.03765763710828639	SCARB1, FURIN, APOE, LMF2, LMF1	189	75	11153	3.9340388007054674	0.9999999999923994	0.7632207586769918	0.7552109456174132
REACTOME_PATHWAY	R-HSA-948021~Transport to the Golgi and subsequent modification	8	2.93040293040293	0.037806410888875555	B4GALT3, TMED9, SERPINA1, GOSR2, STX5, PREB, MGAT1, ARFGAP1	189	186	11153	2.538089548842237	0.9999999999931442	0.7632207586769918	0.7552109456174132
GOTERM_BP_DIRECT	GO:0006418~tRNA aminoacylation for protein translation	3	1.098901098901099	0.03783889844934489	GARS1, MARS1, YARS1	251	24	19416	9.669322709163348	1.0	1.0	1.0
GOTERM_BP_DIRECT	GO:0018279~protein N-linked glycosylation via asparagine	3	1.098901098901099	0.03783889844934489	RPN2, MGAT1, UGGT1	251	24	19416	9.669322709163348	1.0	1.0	1.0
REACTOME_PATHWAY	R-HSA-166016~Toll Like Receptor 4 (TLR4) Cascade	7	2.564102564102564	0.03809171413819638	MAP2K3, DUSP3, MAPKAPK2, IRF7, SARM1, ECSIT, ELK1	189	147	11153	2.8100277147896193	0.9999999999943746	0.7632207586769918	0.7552109456174132
GOTERM_BP_DIRECT	GO:0061728~GDP-mannose biosynthetic process from mannose	2	0.7326007326007326	0.038134636724625554	GMPPB, PMM2	251	3	19416	51.56972111553785	1.0	1.0	1.0
REACTOME_PATHWAY	R-HSA-166166~MyD88-independent TLR4 cascade 	6	2.197802197802198	0.03952454661172386	MAP2K3, DUSP3, MAPKAPK2, IRF7, SARM1, ELK1	189	111	11153	3.1897611897611897	0.9999999999979187	0.7632207586769918	0.7552109456174132
REACTOME_PATHWAY	R-HSA-937061~TRIF (TICAM1)-mediated TLR4 signaling 	6	2.197802197802198	0.03952454661172386	MAP2K3, DUSP3, MAPKAPK2, IRF7, SARM1, ELK1	189	111	11153	3.1897611897611897	0.9999999999979187	0.7632207586769918	0.7552109456174132
REACTOME_PATHWAY	R-HSA-168138~Toll Like Receptor 9 (TLR9) Cascade	6	2.197802197802198	0.03952454661172386	MAP2K3, DUSP3, MAPKAPK2, IRF7, ECSIT, ELK1	189	111	11153	3.1897611897611897	0.9999999999979187	0.7632207586769918	0.7552109456174132
GOTERM_BP_DIRECT	GO:0032496~response to lipopolysaccharide	6	2.197802197802198	0.03975289438806778	CNP, NAGLU, BIN1, NOCT, MAPKAPK2, PCK2	251	145	19416	3.2008792416540732	1.0	1.0	1.0
KEGG_PATHWAY	hsa00531:Glycosaminoglycan degradation	3	1.098901098901099	0.03980381401385578	NAGLU, GUSB, SGSH	150	19	8865	9.331578947368422	0.9999391816827756	1.0	1.0
REACTOME_PATHWAY	R-HSA-3928664~Ephrin signaling	3	1.098901098901099	0.04004906529789312	EPHB2, EPHB4, GIT1	189	19	11153	9.317460317460316	0.9999999999985542	0.7632207586769918	0.7552109456174132
REACTOME_PATHWAY	R-HSA-8963889~Assembly of active LPL and LIPC lipase complexes	3	1.098901098901099	0.04004906529789312	FURIN, LMF2, LMF1	189	19	11153	9.317460317460316	0.9999999999985542	0.7632207586769918	0.7552109456174132
GOTERM_BP_DIRECT	GO:0061744~motor behavior	3	1.098901098901099	0.04078711034764441	NAGLU, GMPPA, SGSH	251	25	19416	9.282549800796813	1.0	1.0	1.0
REACTOME_PATHWAY	R-HSA-446193~Biosynthesis of the N-glycan precursor (dolichol lipid-linked oligosaccharide, LLO) and transfer to a nascent protein	5	1.8315018315018317	0.04423527780271514	GMPPB, DOLPP1, GMPPA, PMM2, DHDDS	189	79	11153	3.7348469626950638	0.9999999999999216	0.8195813970669722	0.8109800930497776
REACTOME_PATHWAY	R-HSA-168256~Immune System	45	16.483516483516482	0.04551150284916774	CAMK2B, PDXK, SERPINA1, CANT1, UBE2D4, FAAP24, PRCP, TCIRG1, ECSIT, ELK1, CNN2, NCKIPSD, CST3, STK10, SEC61A1, FZR1, PTK2B, MLEC, QSOX1, PI3, TIMP1, GUSB, ATP6V0E2, ATP6V0A1, NPDC1, MAP2K3, DUSP3, CD93, RNASET2, PLAUR, FANCC, CKAP4, PML, DIAPH1, PFKL, IL6, IMPDH1, ASB8, MAPKAPK2, IRF7, SARM1, CHI3L1, TNFSF9, MAN2B1, TRIB3	189	2043	11153	1.2997925552991632	0.9999999999999679	0.8204370919025644	0.8118268075797489
GOTERM_BP_DIRECT	GO:0048168~regulation of neuronal synaptic plasticity	3	1.098901098901099	0.046931607646162	CAMK2B, APOE, EPHB2	251	27	19416	8.594953519256308	1.0	1.0	1.0
GOTERM_BP_DIRECT	GO:1903076~regulation of protein localization to plasma membrane	3	1.098901098901099	0.046931607646162	CAMK2B, VPS4A, SIRT6	251	27	19416	8.594953519256308	1.0	1.0	1.0
GOTERM_BP_DIRECT	GO:0006986~response to unfolded protein	4	1.465201465201465	0.04763276203640191	EDEM1, DNAJC4, EDEM2, MANF	251	63	19416	4.911402011003605	1.0	1.0	1.0
WIKIPATHWAYS	WP2637:Interleukin 1 IL 1 structural pathway	4	1.465201465201465	0.05049546711338527	MAP2K3, MAPKAPK2, IRF7, ELK1	150	49	8749	4.761360544217688	0.9999999891868308	1.0	1.0
GOTERM_BP_DIRECT	GO:1904154~positive regulation of retrograde protein transport, ER to cytosol	2	0.7326007326007326	0.05052150845074225	EDEM1, EDEM2	251	4	19416	38.677290836653384	1.0	1.0	1.0
GOTERM_BP_DIRECT	GO:2000822~regulation of behavioral fear response	2	0.7326007326007326	0.05052150845074225	APOE, EPHB2	251	4	19416	38.677290836653384	1.0	1.0	1.0
GOTERM_BP_DIRECT	GO:0001778~plasma membrane repair	3	1.098901098901099	0.053389655806224484	SMPD1, VPS4A, CHMP7	251	29	19416	8.002198104135182	1.0	1.0	1.0
GOTERM_BP_DIRECT	GO:0002639~positive regulation of immunoglobulin production	3	1.098901098901099	0.053389655806224484	IL6, PHB1, EPHB2	251	29	19416	8.002198104135182	1.0	1.0	1.0
KEGG_PATHWAY	hsa05110:Vibrio cholerae infection	4	1.465201465201465	0.05396237222519946	SEC61A1, TCIRG1, ATP6V0E2, ATP6V0A1	150	51	8865	4.635294117647059	0.9999982537352496	1.0	1.0
KEGG_PATHWAY	hsa04152:AMPK signaling pathway	6	2.197802197802198	0.054489715265733554	TBC1D1, PFKL, CREB3L1, FBP1, PCK2, CAMKK2	150	122	8865	2.9065573770491806	0.9999984716054667	1.0	1.0
BBID	95.GLUCOSE_PRODUCTION_LIVER	2	0.7326007326007326	0.05596845946885863	PFKL, PCK2	12	2	388	32.333333333333336	0.7630467809676618	1.0	1.0
GOTERM_BP_DIRECT	GO:0006997~nucleus organization	3	1.098901098901099	0.05673000226520827	BIN1, VPS4A, CHMP7	251	30	19416	7.735458167330678	1.0	1.0	1.0
GOTERM_BP_DIRECT	GO:1902430~negative regulation of amyloid-beta formation	3	1.098901098901099	0.05673000226520827	RTN2, BIN1, APOE	251	30	19416	7.735458167330678	1.0	1.0	1.0
KEGG_PATHWAY	hsa00510:N-Glycan biosynthesis	4	1.465201465201465	0.059269412005290865	B4GALT3, RPN2, DOLPP1, MGAT1	150	53	8865	4.460377358490566	0.9999995448040058	1.0	1.0
GOTERM_BP_DIRECT	GO:0016311~dephosphorylation	3	1.098901098901099	0.06014132738696251	DUSP3, INPP5K, FBP1	251	31	19416	7.485927258707107	1.0	1.0	1.0
GOTERM_BP_DIRECT	GO:0043407~negative regulation of MAP kinase activity	3	1.098901098901099	0.06014132738696251	SMPD1, INPP5K, APOE	251	31	19416	7.485927258707107	1.0	1.0	1.0
REACTOME_PATHWAY	R-HSA-2024096~HS-GAG degradation	3	1.098901098901099	0.061215135522579005	NAGLU, GUSB, SGSH	189	24	11153	7.37632275132275	1.0	1.0	0.990990990990991
REACTOME_PATHWAY	R-HSA-379716~Cytosolic tRNA aminoacylation	3	1.098901098901099	0.061215135522579005	GARS1, MARS1, YARS1	189	24	11153	7.37632275132275	1.0	1.0	0.990990990990991
KEGG_PATHWAY	hsa04144:Endocytosis	9	3.296703296703297	0.061990834194044254	EHD1, GRK2, BIN1, VPS4A, CHMP7, GIT1, ARFGAP1, PML, RAB11FIP5	150	252	8865	2.1107142857142858	0.9999997722320414	1.0	1.0
REACTOME_PATHWAY	R-HSA-5653656~Vesicle-mediated transport	18	6.593406593406594	0.06251017799839735	SCARB1, TMED9, SERPINA1, GOSR2, VPS4A, ARFGAP1, GAK, TBC1D1, GRK2, BIN1, TBC1D13, TRIP10, STX5, PREB, HYOU1, APOE, CHMP7, TBC1D16	189	674	11153	1.575950261410202	1.0	1.0	0.990990990990991
GOTERM_BP_DIRECT	GO:0006058~mannoprotein catabolic process	2	0.7326007326007326	0.06274949231890192	EDEM1, EDEM2	251	5	19416	30.941832669322707	1.0	1.0	1.0
GOTERM_BP_DIRECT	GO:0006489~dolichyl diphosphate biosynthetic process	2	0.7326007326007326	0.06274949231890192	DOLPP1, DHDDS	251	5	19416	30.941832669322707	1.0	1.0	1.0
GOTERM_BP_DIRECT	GO:0141199~GDP-mannose biosynthetic process from glucose	2	0.7326007326007326	0.06274949231890192	GMPPB, PMM2	251	5	19416	30.941832669322707	1.0	1.0	1.0
GOTERM_BP_DIRECT	GO:0019082~viral protein processing	3	1.098901098901099	0.06362126616309699	EDEM2, MGAT1, FURIN	251	32	19416	7.2519920318725095	1.0	1.0	1.0
GOTERM_BP_DIRECT	GO:0042593~glucose homeostasis	5	1.8315018315018317	0.06628852512568717	BACE2, IL6, INPP5K, PRCP, SIRT6	251	118	19416	3.2777365115807955	1.0	1.0	1.0
GOTERM_BP_DIRECT	GO:0010467~gene expression	6	2.197802197802198	0.07006729840225831	RTN2, TCIRG1, APOE, LARGE1, ELK1, HIPK2	251	170	19416	2.7301617061167094	1.0	1.0	1.0
GOTERM_BP_DIRECT	GO:0000045~autophagosome assembly	4	1.465201465201465	0.07028575148463075	GABARAPL3, ATG9A, ATG2A, TCIRG1	251	74	19416	4.181328739097664	1.0	1.0	1.0
REACTOME_PATHWAY	R-HSA-168898~Toll-like Receptor Cascades	7	2.564102564102564	0.07107175111857163	MAP2K3, DUSP3, MAPKAPK2, IRF7, SARM1, ECSIT, ELK1	189	172	11153	2.4015934539190353	1.0	1.0	0.990990990990991
WIKIPATHWAYS	WP5355:Metabolic epileptic disorders	5	1.8315018315018317	0.07163577251238183	PFKL, HLCS, PHGDH, FBP1, DHTKD1	150	92	8749	3.1699275362318837	0.9999999999962648	1.0	1.0
BIOCARTA	h_mapkPathway:MAPKinase Signaling Pathway	5	1.8315018315018317	0.07272973786573461	MAP2K3, RPS6KA4, MAPKAPK2, ELK1, MAP3K11	31	87	1623	3.0088987764182424	0.9976203857387674	1.0	1.0
REACTOME_PATHWAY	R-HSA-917937~Iron uptake and transport	4	1.465201465201465	0.07418472587759511	HFE, TCIRG1, ATP6V0E2, ATP6V0A1	189	58	11153	4.0696953110746215	1.0	1.0	0.990990990990991
GOTERM_BP_DIRECT	GO:0001662~behavioral fear response	3	1.098901098901099	0.07444983971354098	NEUROD2, MAPK8IP2, LARGE1	251	35	19416	6.6303927148548665	1.0	1.0	1.0
GOTERM_BP_DIRECT	GO:0070328~triglyceride homeostasis	3	1.098901098901099	0.07444983971354098	SCARB1, ADORA1, APOE	251	35	19416	6.6303927148548665	1.0	1.0	1.0
WIKIPATHWAYS	WP3915:Angiopoietin like protein 8 regulatory pathway	6	2.197802197802198	0.0745987295603335	MAP2K3, RPS6KA4, FLOT1, TRIP10, FBP1, MAP3K11	150	132	8749	2.6512121212121214	0.9999999999987954	1.0	1.0
GOTERM_BP_DIRECT	GO:0019673~GDP-mannose metabolic process	2	0.7326007326007326	0.07482061832811375	GMPPB, GMPPA	251	6	19416	25.784860557768926	1.0	1.0	1.0
GOTERM_BP_DIRECT	GO:0051674~localization of cell	2	0.7326007326007326	0.07482061832811375	SLC48A1, LARGE1	251	6	19416	25.784860557768926	1.0	1.0	1.0
GOTERM_BP_DIRECT	GO:0042220~response to cocaine	3	1.098901098901099	0.07818154429724822	SMPD1, PTK2B, DRD5	251	36	19416	6.446215139442231	1.0	1.0	1.0
GOTERM_BP_DIRECT	GO:0030100~regulation of endocytosis	3	1.098901098901099	0.07818154429724822	BIN1, RAB17, ARFGAP1	251	36	19416	6.446215139442231	1.0	1.0	1.0
REACTOME_PATHWAY	R-HSA-2262752~Cellular responses to stress	20	7.326007326007327	0.07896465344475997	MAP2K3, CAMK2B, KDM6B, GOSR2, EDEM1, TCIRG1, ARFGAP1, MYDGF, FZR1, IL6, TATDN2, CREB3L1, MAPKAPK2, SRPRA, SRPRB, PREB, TRIB3, HYOU1, ATP6V0E2, ATF5	189	797	11153	1.4808176163257718	1.0	1.0	0.990990990990991
KEGG_PATHWAY	hsa04966:Collecting duct acid secretion	3	1.098901098901099	0.07983608623915169	TCIRG1, ATP6V0E2, ATP6V0A1	150	28	8865	6.332142857142857	0.9999999976890944	1.0	1.0
GOTERM_BP_DIRECT	GO:0045893~positive regulation of DNA-templated transcription	15	5.4945054945054945	0.0806728193930781	MAP2K3, SMARCD1, SMARCD2, PHB1, TFE3, ELK1, PML, JMJD6, CAMKK2, TAF6L, IL6, IRF7, INPP5K, APOE, ATF5	251	717	19416	1.6182966877260831	1.0	1.0	1.0
REACTOME_PATHWAY	R-HSA-168142~Toll Like Receptor 10 (TLR10) Cascade	5	1.8315018315018317	0.08121521186991082	MAP2K3, DUSP3, MAPKAPK2, ECSIT, ELK1	189	97	11153	3.041782577865052	1.0	1.0	0.990990990990991
REACTOME_PATHWAY	R-HSA-975871~MyD88 cascade initiated on plasma membrane	5	1.8315018315018317	0.08121521186991082	MAP2K3, DUSP3, MAPKAPK2, ECSIT, ELK1	189	97	11153	3.041782577865052	1.0	1.0	0.990990990990991
REACTOME_PATHWAY	R-HSA-168176~Toll Like Receptor 5 (TLR5) Cascade	5	1.8315018315018317	0.08121521186991082	MAP2K3, DUSP3, MAPKAPK2, ECSIT, ELK1	189	97	11153	3.041782577865052	1.0	1.0	0.990990990990991
GOTERM_BP_DIRECT	GO:0006888~endoplasmic reticulum to Golgi vesicle-mediated transport	5	1.8315018315018317	0.08184706900844813	TMED9, RANGRF, STX5, PREB, HYOU1	251	127	19416	3.04545597139003	1.0	1.0	1.0
GOTERM_BP_DIRECT	GO:0042060~wound healing	4	1.465201465201465	0.08191668225343658	CNN2, SCARB1, SMPD1, DRD5	251	79	19416	3.9166876796611025	1.0	1.0	1.0
KEGG_PATHWAY	hsa04910:Insulin signaling pathway	6	2.197802197802198	0.08277816862155848	FLOT1, TRIP10, ELK1, FBP1, SH2B2, PCK2	150	138	8865	2.5695652173913044	0.9999999989250765	1.0	1.0
GOTERM_BP_DIRECT	GO:0006468~protein phosphorylation	8	2.93040293040293	0.08412582043409791	CAMK2B, RPS6KA4, STK10, MAPKAPK2, PTK2B, MAP3K11, HIPK2, CAMKK2	251	292	19416	2.119303607487857	1.0	1.0	1.0
GOTERM_BP_DIRECT	GO:0043654~recognition of apoptotic cell	2	0.7326007326007326	0.0867368906323073	SCARB1, JMJD6	251	7	19416	22.10130904951622	1.0	1.0	1.0
GOTERM_BP_DIRECT	GO:0030578~PML body organization	2	0.7326007326007326	0.0867368906323073	PML, HIPK2	251	7	19416	22.10130904951622	1.0	1.0	1.0
GOTERM_BP_DIRECT	GO:0034384~high-density lipoprotein particle clearance	2	0.7326007326007326	0.0867368906323073	SCARB1, APOE	251	7	19416	22.10130904951622	1.0	1.0	1.0
GOTERM_BP_DIRECT	GO:0051650~establishment of vesicle localization	2	0.7326007326007326	0.0867368906323073	TESK1, TCIRG1	251	7	19416	22.10130904951622	1.0	1.0	1.0
GOTERM_BP_DIRECT	GO:0070373~negative regulation of ERK1 and ERK2 cascade	4	1.465201465201465	0.08678701872384927	PHB1, DUSP3, TNIP1, EPHB2	251	81	19416	3.8199793418916923	1.0	1.0	1.0
REACTOME_PATHWAY	R-HSA-77387~Insulin receptor recycling	3	1.098901098901099	0.09042542891857658	TCIRG1, ATP6V0E2, ATP6V0A1	189	30	11153	5.901058201058201	1.0	1.0	0.990990990990991
REACTOME_PATHWAY	R-HSA-450294~MAP kinase activation	4	1.465201465201465	0.09326057908288339	MAP2K3, DUSP3, MAPKAPK2, ELK1	189	64	11153	3.6881613756613754	1.0	1.0	0.990990990990991
GOTERM_BP_DIRECT	GO:0000422~autophagy of mitochondrion	3	1.098901098901099	0.09366274990685859	GABARAPL3, ATG9A, ATG2A	251	40	19416	5.801593625498008	1.0	1.0	1.0
KEGG_PATHWAY	hsa03060:Protein export	3	1.098901098901099	0.09510611569753978	SEC61A1, SRPRA, SRPRB	150	31	8865	5.719354838709677	0.9999999999576514	1.0	1.0
KEGG_PATHWAY	hsa00030:Pentose phosphate pathway	3	1.098901098901099	0.09510611569753978	PFKL, H6PD, FBP1	150	31	8865	5.719354838709677	0.9999999999576514	1.0	1.0
REACTOME_PATHWAY	R-HSA-450282~MAPK targets/ Nuclear events mediated by MAP kinases	3	1.098901098901099	0.09562847108368863	DUSP3, MAPKAPK2, ELK1	189	31	11153	5.710701484895033	1.0	1.0	0.990990990990991
REACTOME_PATHWAY	R-HSA-975138~TRAF6 mediated induction of NFkB and MAP kinases upon TLR7/8 or 9 activation	5	1.8315018315018317	0.09611137553032656	MAP2K3, DUSP3, MAPKAPK2, ECSIT, ELK1	189	103	11153	2.8645913597369907	1.0	1.0	0.990990990990991
UP_KW_BIOLOGICAL_PROCESS	KW-0813~Transport	35	12.82051282051282	0.09673030647788115	SLC48A1, SLC43A3, HFE, GOSR2, VPS4A, TCIRG1, AQP5, SLC1A7, SEC61A1, ARL17A, SLC22A14, CNNM1, RAB26, XPO6, STX5, APOE, SLC39A7, ATP6V0E2, SLC25A22, SLC12A8, RAB11FIP5, ATP6V0A1, SLC12A9, TMED9, ATG9A, KCNJ15, ARFGAP1, TPCN1, EHD1, ATG2A, RANGRF, PREB, RAB17, APBA3, CHMP7	149	2112	11434	1.2717040370144397	0.9996767208583948	1.0	1.0
REACTOME_PATHWAY	R-HSA-446199~Synthesis of Dolichyl-phosphate	2	0.7326007326007326	0.09699202681743613	DOLPP1, DHDDS	189	6	11153	19.670194003527335	1.0	1.0	0.990990990990991
GOTERM_BP_DIRECT	GO:0007172~signal complex assembly	2	0.7326007326007326	0.09850028789214754	PTK2B, MAPK8IP2	251	8	19416	19.338645418326692	1.0	1.0	1.0
GOTERM_BP_DIRECT	GO:0010886~positive regulation of cholesterol storage	2	0.7326007326007326	0.09850028789214754	EHD1, SCARB1	251	8	19416	19.338645418326692	1.0	1.0	1.0
GOTERM_BP_DIRECT	GO:0060538~skeletal muscle organ development	2	0.7326007326007326	0.09850028789214754	GMPPA, LARGE1	251	8	19416	19.338645418326692	1.0	1.0	1.0
GOTERM_BP_DIRECT	GO:0090129~positive regulation of synapse maturation	2	0.7326007326007326	0.09850028789214754	CAMK2B, NEUROD2	251	8	19416	19.338645418326692	1.0	1.0	1.0
GOTERM_BP_DIRECT	GO:0030388~fructose 1,6-bisphosphate metabolic process	2	0.7326007326007326	0.09850028789214754	PFKL, FBP1	251	8	19416	19.338645418326692	1.0	1.0	1.0
